Continent,Country,Region,Location,Site_name,Feature,Latitude_(oS),Longitude_(oW),Elevation_(m_amsl),Dating_method,Material_dated,Strat._Depth_(cm),Interpretation,Reference_and_map_ID,Map_ID,Sample_ID,Measured_age_(14C_yr_BP_±_1σ),1s,,Oxcal_v4.4_SHCal20,from,to,%,from,to,%,μ,σ,m,Oxcal_v4.4_SHCal13,from,to,%,from,to,%,μ,σ,m
Antarctica,South Shetland Islands,King George Island , Fildes Peninsula_,FP_Hochlandsee,Freshwater lake,-62.1822,-58.9397,101,14C,Freshwater moss ,175-176,Minimum age for deglaciation,Mäusbacher 1991 ,11,HD11417-11148,5410,185,shcal20, R_Date HD11417-11148,6386,5931,68.3,6600,5725,95.4,6147,205,6147, R_Date HD11417-11148,6313,5926,68.3,6553,5724,95.4,6142,203,6141
Antarctica,South Shetland Islands,King George Island , Fildes Peninsula,FP_Hotel Lake,Freshwater lake,-62.1946,-58.9783,40,14C,Freshwater moss ,250-280,Age model construction,Tatur et al 1999b ,21,Lu-3680,4960,120,shcal20, R_Date Lu-3680,5890,5485,68.3,5925,5328,95.4,5676,143,5674, R_Date Lu-3680,5885,5485,68.3,5920,5327,95.4,5669,144,5669
Antarctica,South Shetland Islands,King George Island , Fildes Peninsula,FP_Gaoshan Lake,Freshwater lake,-62.2208,-58.9647,34.5,14C,Aquatic moss ,24,Age model construction,Watcham et al 2011 ,24,SUERC-18932,2215,37,shcal20, R_Date SUERC-18932,2303,2098,68.3,2329,2056,95.4,2194,81,2196, R_Date SUERC-18932,2304,2101,68.3,2316,2061,95.4,2198,72,2196
Antarctica,South Shetland Islands,King George Island , Fildes Peninsula,FP_Belén Lake,Freshwater lake,-62.2285,-58.982,19.9,14C,Living aquatic moss ,0,Age model construction,Watcham et al 2011 ,24,SUERC-18928,320,35,shcal20, R_Date SUERC-18928,440,298,68.3,453,158,95.4,366,59,378, R_Date SUERC-18928,440,300,68.3,454,284,95.4,369,57,380
Antarctica,South Shetland Islands,King George Island , Fildes Peninsula,FP_Belén Lake,Freshwater lake,-62.2285,-58.982,19.9,14C,Aquatic moss ,129,Minimum age for end of brackish conditions,Watcham et al 2011 ,24,SUERC-18931,4829,38,shcal20, R_Date SUERC-18931,5586,5479,68.3,5598,5331,95.4,5516,59,5521, R_Date SUERC-18931,5588,5475,68.3,5602,5331,95.4,5511,62,5517
Antarctica,South Shetland Islands,King George Island , Fildes Peninsula,FP_Kiteschee Lake,Freshwater lake,-62.1935,-58.9666,15,14C,Drepanocladus longifolius aquatic moss ,0-1,Surface living moss,Heredia-Barion et al. submitted a,,Beta-501582,-6,1,normal,,,,,,,,,,,,-6.1,-6.9,68.3,-5.2,-7.5,68.3,-6.3,0.6,-6.3
Antarctica,South Shetland Islands,King George Island , Fildes Peninsula,FP_Kiteschee Lake,Freshwater lake,-62.1935,-58.9666,15,14C,Drepanocladus longifolius aquatic moss ,0-1,Surface living moss,Heredia-Barion et al. submitted a,,Beta-516809,-7,1,normal,,,,,,,,,,,,-6.2,-7,68.3,-6.1,-7.5,68.3,-6.8,0.6,-6.8
Antarctica,South Shetland Islands,King George Island , Fildes Peninsula,FP_Lake Kitezh,Isolation basin,-62.1895,-58.9667,15.5,14C,Freshwater moss ,181-184,Minimum age of lake isolation,Mäusbacher et al 1989 ,12,HD11163-10998,6180,150,shcal20, R_Date HD11163-10998,7246,6804,68.3,7418,6668,95.4,7020,179,7023, R_Date HD11163-10998,7241,6804,68.3,7413,6668,95.4,7017,179,7021
Antarctica,South Shetland Islands,King George Island , Fildes Peninsula,FP_Long Lake,Isolation basin,-62.205,-58.9671,15,14C,Aquatic moss ,24,Age model construction,Watcham et al 2011 ,24,SUERC-18933,2087,37,shcal20, R_Date SUERC-18933,2055,1932,68.3,2101,1895,95.4,2006,55,2008, R_Date SUERC-18933,2059,1932,68.3,2145,1911,95.4,2010,56,2010
Antarctica,South Shetland Islands,King George Island , Fildes Peninsula,FP_Yanou Lake,Isolation basin,-62.2207,-58.9599,14.5,14C,Drepanocladus longifolius aquatic moss ,1.5-3,Surface living moss,Roberts et al 2017 ,15,SUERC-22325,-7,1,shcal20,,,,,,,,,,,,,,,-6.3,-7.8,68.3,-7.1,1.1,-7
Antarctica,South Shetland Islands,King George Island , Fildes Peninsula,FP_Yanou Lake,Isolation basin,-62.2207,-58.9599,14.5,14C,Drepanocladus longifolius aquatic moss ,5,Age model construction,Watcham et al 2011 ,24,SUERC-18934,907,37,shcal20, R_Date SUERC-18934,796,729,68.3,904,680,95.4,777,52,766, R_Date SUERC-18934,797,730,68.3,904,683,95.4,777,50,767
Antarctica,South Shetland Islands,King George Island , Fildes Peninsula,FP_Yanou Lake,Isolation basin,-62.2207,-58.9599,14.5,14C,Drepanocladus longifolius aquatic moss ,9.5,Age model construction,Roberts et al 2017 ,15,Beta-316286,1430,30,shcal20, R_Date Beta-316286,1312,1280,68.3,1352,1183,95.4,1293,34,1297, R_Date Beta-316286,1310,1280,68.3,1353,1270,95.4,1298,25,1298
Antarctica,South Shetland Islands,King George Island , Fildes Peninsula,FP_Yanou Lake,Isolation basin,-62.2207,-58.9599,14.5,14C,Drepanocladus longifolius aquatic moss ,20,Age model construction,Roberts et al 2017 ,15,Beta-316287,3370,30,shcal20, R_Date Beta-316287,3585,3487,68.3,3685,3458,95.4,3554,55,3548, R_Date Beta-316287,3609,3483,68.3,3640,3459,95.4,3555,52,3559
Antarctica,South Shetland Islands,King George Island , Fildes Peninsula,FP_Yanou Lake,Isolation basin,-62.2207,-58.9599,14.5,14C,Campylium polygamum freshwater moss ,31,Age model construction,Roberts et al 2017 ,15,Beta-316288,4170,30,shcal20, R_Date Beta-316288,4812,4578,68.3,4823,4529,95.4,4678,86,4677, R_Date Beta-316288,4809,4573,68.3,4821,4529,95.4,4674,85,4670
Antarctica,South Shetland Islands,King George Island , Fildes Peninsula,FP_Yanou Lake,Isolation basin,-62.2207,-58.9599,14.5,14C,Campylium polygamum freshwater moss ,32,Minimum age for end of brackish conditions,Watcham et al 2011 ,24,SUERC-18935,4273,37,shcal20, R_Date SUERC-18935,4855,4655,68.3,4870,4588,95.4,4765,76,4754, R_Date SUERC-18935,4852,4660,68.3,4866,4620,95.4,4760,73,4750
Antarctica,South Shetland Islands,King George Island , Fildes Peninsula,FP_Yanou Lake,Isolation basin,-62.2207,-58.9599,14.5,14C,Campylium polygamum freshwater moss ,190.5,Age model construction,Watcham et al 2011 ,24,SUERC-22310,4847,37,shcal20, R_Date SUERC-22310,5592,5479,68.3,5646,5334,95.4,5527,53,5525, R_Date SUERC-22310,5595,5477,68.3,5641,5333,95.4,5524,56,5521
Antarctica,South Shetland Islands,King George Island , Fildes Peninsula,FP_Yanou Lake,Isolation basin,-62.2207,-58.9599,14.5,14C,Campylium polygamum freshwater moss ,201,Minimum age of second lake isolation,Watcham et al 2011 ,24,SUERC-22311,5051,38,shcal20, R_Date SUERC-22311,5886,5661,68.3,5898,5606,95.4,5764,80,5753, R_Date SUERC-22311,5873,5660,68.3,5895,5649,95.4,5761,75,5744
Antarctica,South Shetland Islands,King George Island , Ardley Island,FP_Ardley Lake,Freshwater lake,-62.2129,-58.94,18,14C,Drepanocladus longifolius aquatic moss ,0-1,Age model construction,Roberts et al 2017 ,15,Beta-338226,-7,1,normal,,,,,,,,,,,,,,,-6.3,-7.8,95.4,-7.1,1.1,-7
Antarctica,South Shetland Islands,King George Island , Ardley Island,FP_Ardley Lake,Freshwater lake,-62.2129,-58.94,18,14C,Drepanocladus longifolius aquatic moss ,9,Age model construction,Roberts et al 2017 ,15,Beta-338226,860,30,shcal20, R_Date Beta-338226,762,681,68.3,788,674,95.4,723,30,723, R_Date Beta-338226,743,685,68.3,774,676,95.4,724,28,724
Antarctica,South Shetland Islands,King George Island , Ardley Island,FP_Ardley Lake,Freshwater lake,-62.2129,-58.94,18,14C,Drepanocladus longifolius aquatic moss ,13,Age model construction,Roberts et al 2017 ,15,Beta-338227,1440,40,shcal20, R_Date Beta-338227,1349,1278,68.3,1370,1181,95.4,1301,42,1304, R_Date Beta-338227,1345,1277,68.3,1370,1190,95.4,1306,34,1305
Antarctica,South Shetland Islands,King George Island , Ardley Island,FP_Ardley Lake,Freshwater lake,-62.2129,-58.94,18,14C,Aquatic moss ,187,Age model construction,Watcham et al 2011 ,24,SUERC-22307,4091,36,shcal20, R_Date SUERC-22307,4778,4438,68.3,4800,4418,95.4,4556,100,4539, R_Date SUERC-22307,4777,4439,68.3,4800,4420,95.4,4545,95,4527
Antarctica,South Shetland Islands,King George Island , Ardley Island,FP_Ardley Lake,Freshwater lake,-62.2129,-58.94,18,14C,Yellow-green lacustrine algae ,253.5,Age model construction,Watcham et al 2011 ,24,SUERC-22308,4484,38,shcal20, R_Date SUERC-22308,5276,4969,68.3,5288,4878,95.4,5098,116,5097, R_Date SUERC-22308,5275,4965,68.3,5285,4875,95.4,5084,117,5058
Antarctica,South Shetland Islands,King George Island , Ardley Island,FP_Ardley Lake,Freshwater lake,-62.2129,-58.94,18,14C,Yellow-green lacustrine algae ,281,Onset of brackish conditions,Watcham et al 2011 ,24,SUERC-22309,4469,38,shcal20, R_Date SUERC-22309,5268,4885,68.3,5283,4870,95.4,5070,120,5042, R_Date SUERC-22309,5257,4879,68.3,5280,4868,95.4,5051,118,5022
Antarctica,South Shetland Islands,King George Island , Barton Peninsula,BP_BP_Lake 12,Freshwater lake,-62.224,-58.7637,102,14C,Moss ,34,Constraint on ice advance of >200 m,Oliva et al 2016b ,14,Beta-335037,2450,30,shcal20, R_Date Beta-335037,2662,2355,68.3,2699,2346,95.4,2481,104,2450, R_Date Beta-335037,2485,2355,68.3,2698,2346,95.4,2471,100,2440
Antarctica,South Shetland Islands,Livingston Island , Byers Peninsula,ByP_Lake 48,Freshwater lake,-62.599,-61.1372,120,14C,Freshwater moss ,129-136,Minimum age for deglaciation,Björck et al 1996 ,3,Ua-3923,4570,60,shcal20,R_Date Ua-3923,5313,5052,68.3,5445,4967,95.4,5177,115,5169, R_Date Ua-3923,5306,5054,68.3,5445,4968,95.4,5171,111,5165
Antarctica,South Shetland Islands,Livingston Island , Byers Peninsula,ByP_Lake 9,Freshwater lake,-62.6549,-61.0034,100,14C,Bulk freshwater sediment ,70-76,Minimum age for deglaciation,Björck et al 1996 ,3,Lu-3466,2830,250,shcal20, R_Date Lu-3466,3337,2547,68.3,3569,2332,95.4,2937,314,2940, R_Date Lu-3466,3335,2549,68.3,3558,2343,95.4,2938,311,2939
Antarctica,South Shetland Islands,Livingston Island , Byers Peninsula,ByP_Lake 29,Freshwater lake,-62.6396,-61.0624,100,14C,Freshwater moss ,64-72,Minimum age for deglaciation,Björck et al 1996 ,3,Lu-3463,3210,220,shcal20, R_Date Lu-3463,3686,3077,68.3,3968,2847,95.4,3391,281,3386, R_Date Lu-3463,3640,3076,68.3,3958,2844,95.4,3383,278,3380
Antarctica,South Shetland Islands,Livingston Island , Byers Peninsula,ByP_Cerro Negro Lake,Freshwater lake,-62.6543,-60.9924,100,14C,Aquatic moss ,4.5,Age model construction,Oliva et al 2016a ,13,ULA-4246,1855,15,shcal20, R_Date ULA-4246,1747,1705,68.3,1815,1701,95.4,1744,35,1734, R_Date ULA-4246,1784,1710,68.3,1815,1705,95.4,1750,33,1739
Antarctica,South Shetland Islands,Livingston Island , Byers Peninsula,ByP_Cerro Negro Lake,Freshwater lake,-62.6543,-60.9924,100,14C,Aquatic moss ,16.9,Age model construction,Oliva et al 2016a ,13,ULA-4701,1955,20,shcal20, R_Date ULA-4701,1882,1833,68.3,1923,1753,95.4,1856,34,1857, R_Date ULA-4701,1883,1835,68.3,1920,1756,95.4,1860,29,1861
Antarctica,South Shetland Islands,Livingston Island , Byers Peninsula,ByP_Cerro Negro Lake,Freshwater lake,-62.6543,-60.9924,100,14C,Aquatic moss ,31.1,Age model construction,Oliva et al 2016a ,13,ULA-4250,2690,15,shcal20, R_Date ULA-4250,2777,2745,68.3,2848,2736,95.4,2771,28,2762, R_Date ULA-4250,2771,2748,68.3,2840,2740,95.4,2765,18,2761
Antarctica,South Shetland Islands,Livingston Island , Byers Peninsula,ByP_Cerro Negro Lake,Freshwater lake,-62.6543,-60.9924,100,14C,Aquatic moss ,41.6,Onset of organic sedimentation,Oliva et al 2016a ,13,ULA-4245,3010,20,shcal20, R_Date ULA-4245,3207,3075,68.3,3316,3004,95.4,3140,60,3141, R_Date ULA-4245,3175,3075,68.3,3226,3006,95.4,3129,52,3130
Antarctica,South Shetland Islands,Livingston Island , Byers Peninsula,ByP_Chester Lake,Freshwater lake,-62.6358,-61.0984,95,14C,Aquatic moss ,146.4,Minimum age for deglaciation,Oliva et al 2016a ,13,ULA-4253,4575,20,shcal20, R_Date ULA-4253,5311,5059,68.3,5316,5051,95.4,5180,86,5159, R_Date ULA-4253,5305,5068,68.3,5311,5053,95.4,5173,80,5155
Antarctica,South Shetland Islands,Livingston Island , Byers Peninsula,ByP_Chester Cone Lake (Lake 2),Freshwater lake,-62.6358,-61.0984,95,14C,Freshwater moss ,44-50,Minimum age for deglaciation,Björck et al 1996 ,3,Lu-3144,2830,130,shcal20, R_Date Lu-3144,3063,2764,68.3,3339,2544,95.4,2946,163,2935, R_Date Lu-3144,3060,2763,68.3,3340,2542,95.4,2940,162,2929
Antarctica,South Shetland Islands,Livingston Island , Byers Peninsula,ByP_Escondido Lake,Freshwater lake,-62.6431,-61.0594,92,14C,Aquatic moss ,10.9,Age model construction,Oliva et al 2016a ,13,ULA-4650,1485,20,shcal20, R_Date ULA-4650,1351,1308,68.3,1364,1302,95.4,1333,17,1334, R_Date ULA-4650,1349,1309,68.3,1363,1302,95.4,1332,17,1331
Antarctica,South Shetland Islands,Livingston Island , Byers Peninsula,ByP_Escondido Lake,Freshwater lake,-62.6431,-61.0594,92,14C,Aquatic moss ,11.1,Age model construction,Oliva et al 2016a ,13,ULA-4256,1605,15,shcal20, R_Date ULA-4256,1511,1414,68.3,1523,1380,95.4,1458,36,1457, R_Date ULA-4256,1483,1415,68.3,1524,1405,95.4,1458,34,1456
Antarctica,South Shetland Islands,Livingston Island , Byers Peninsula,ByP_Escondido Lake,Freshwater lake,-62.6431,-61.0594,92,14C,Aquatic moss ,16.2,Age model construction,Oliva et al 2016a ,13,ULA-4651,1830,20,shcal20, R_Date ULA-4651,1735,1630,68.3,1810,1612,95.4,1697,47,1709, R_Date ULA-4651,1740,1629,68.3,1810,1613,95.4,1705,46,1714
Antarctica,South Shetland Islands,Livingston Island , Byers Peninsula,ByP_Escondido Lake,Freshwater lake,-62.6431,-61.0594,92,14C,Aquatic moss ,16.8,Age model construction,Oliva et al 2016a ,13,ULA-4704,1810,20,shcal20, R_Date ULA-4704,1709,1615,68.3,1730,1610,95.4,1662,38,1650, R_Date ULA-4704,1719,1616,68.3,1733,1609,95.4,1667,39,1654
Antarctica,South Shetland Islands,Livingston Island , Byers Peninsula,ByP_Escondido Lake,Freshwater lake,-62.6431,-61.0594,92,14C,Aquatic moss ,22.5,Age model construction,Oliva et al 2016a ,13,ULA-4248,2010,15,shcal20, R_Date ULA-4248,1986,1891,68.3,1995,1877,95.4,1931,37,1920, R_Date ULA-4248,1986,1894,68.3,1997,1880,95.4,1931,34,1922
Antarctica,South Shetland Islands,Livingston Island , Byers Peninsula,ByP_Escondido Lake,Freshwater lake,-62.6431,-61.0594,120,14C,Aquatic moss ,26.8,Age model construction,Oliva et al 2016a ,13,ULA-4702,2195,20,shcal20, R_Date ULA-4702,2291,2098,68.3,2304,2059,95.4,2169,79,2129, R_Date ULA-4702,2297,2095,68.3,2305,2062,95.4,2176,72,2150
Antarctica,South Shetland Islands,Livingston Island , Byers Peninsula,ByP_Escondido Lake,Freshwater lake,-62.6431,-61.0594,92,14C,Aquatic moss ,33,Age model construction,Oliva et al 2016a ,13,ULA-4654,2375,20,shcal20, R_Date ULA-4654,2401,2181,68.3,2463,2156,95.4,2323,78,2344, R_Date ULA-4654,2358,2332,68.3,2434,2311,95.4,2351,31,2347
Antarctica,South Shetland Islands,Livingston Island , Byers Peninsula,ByP_Escondido Lake,Freshwater lake,-62.6431,-61.0594,92,14C,Aquatic moss ,37.8,Age model construction,Oliva et al 2016a ,13,ULA-4655,2595,20,shcal20, R_Date ULA-4655,2748,2542,68.3,2754,2499,95.4,2657,82,2707, R_Date ULA-4655,2748,2542,68.3,2752,2500,95.4,2660,83,2710
Antarctica,South Shetland Islands,Livingston Island , Byers Peninsula,ByP_Escondido Lake,Freshwater lake,-62.6431,-61.0594,92,14C,Aquatic moss ,43.6,Age model construction,Oliva et al 2016a ,13,ULA-4247,2600,20,shcal20, R_Date ULA-4247,2750,2545,68.3,2755,2500,95.4,2668,81,2716, R_Date ULA-4247,2749,2545,68.3,2754,2501,95.4,2670,81,2718
Antarctica,South Shetland Islands,Livingston Island , Byers Peninsula,ByP_Escondido Lake,Freshwater lake,-62.6431,-61.0594,92,14C,Aquatic moss ,48.3,Age model construction,Oliva et al 2016a ,13,ULA-4653,2925,20,shcal20, R_Date ULA-4653,3065,2964,68.3,3153,2886,95.4,3023,57,3021, R_Date ULA-4653,3060,2963,68.3,3141,2890,95.4,3011,52,3009
Antarctica,South Shetland Islands,Livingston Island , Byers Peninsula,ByP_Escondido Lake,Freshwater lake,-62.6431,-61.0594,92,14C,Aquatic moss ,54.3,Age model construction,Oliva et al 2016a ,13,ULA-4652,3220,20,shcal20, R_Date ULA-4652,3444,3371,68.3,3450,3354,95.4,3401,31,3400, R_Date ULA-4652,3445,3374,68.3,3455,3352,95.4,3404,31,3403
Antarctica,South Shetland Islands,Livingston Island , Byers Peninsula,ByP_Escondido Lake,Freshwater lake,-62.6431,-61.0594,92,14C,Aquatic moss ,58.3,Age model construction,Oliva et al 2016a ,13,ULA-4663,3325,25,shcal20, R_Date ULA-4663,3560,3455,68.3,3574,3408,95.4,3505,43,3506, R_Date ULA-4663,3560,3475,68.3,3587,3410,95.4,3511,41,3511
Antarctica,South Shetland Islands,Livingston Island , Byers Peninsula,ByP_Escondido Lake,Freshwater lake,-62.6431,-61.0594,92,14C,Aquatic moss ,64.8,Age model construction,Oliva et al 2016a ,13,ULA-4255,3630,15,shcal20, R_Date ULA-4255,3962,3850,68.3,3982,3831,95.4,3901,47,3898, R_Date ULA-4255,3920,3845,68.3,3972,3834,95.4,3893,40,3889
Antarctica,South Shetland Islands,Livingston Island , Byers Peninsula,ByP_Escondido Lake,Freshwater lake,-62.6431,-61.0594,92,14C,Aquatic moss ,131.6,Age model construction,Oliva et al 2016a ,13,ULA-4254,3765,15,shcal20, R_Date ULA-4254,4147,3992,68.3,4219,3981,95.4,4072,58,4076, R_Date ULA-4254,4144,3991,68.3,4149,3983,95.4,4062,52,4058
Antarctica,South Shetland Islands,Livingston Island , Byers Peninsula,ByP_Escondido Lake,Freshwater lake,-62.6431,-61.0594,92,14C,Aquatic moss ,138.2,Age model construction,Oliva et al 2016a ,13,ULA-4703,4265,20,shcal20, R_Date ULA-4703,4850,4657,68.3,4859,4644,95.4,4770,66,4756, R_Date ULA-4703,4845,4711,68.3,4855,4644,95.4,4767,63,4752
Antarctica,South Shetland Islands,Livingston Island , Byers Peninsula,ByP_Escondido Lake,Freshwater lake,-62.6431,-61.0594,92,14C,Aquatic moss ,143.1,Minimum age for deglaciation,Oliva et al 2016a ,13,ULA-4243,4600,20,shcal20, R_Date ULA-4243,5319,5073,68.3,5439,5052,95.4,5220,102,5241, R_Date ULA-4243,5315,5076,68.3,5433,5054,95.4,5199,93,5163
Antarctica,South Shetland Islands,Livingston Island , Byers Peninsula,ByP_ByP_Lake 49,Freshwater lake,-62.6452,-61.0794,80,14C,Freshwater moss ,93-100,Minimum age for deglaciation,Björck et al 1996 ,3,Lu-3473,3730,400,shcal20, R_Date Lu-3473,4575,3489,68.3,5282,3079,95.4,4116,529,4094, R_Date Lu-3473,4779,3496,68.3,5280,3077,95.4,4111,528,4089
Antarctica,South Shetland Islands,Livingston Island , Byers Peninsula,ByP_Limnopolar Lake,Freshwater lake,-62.6375,-61.1083,80,14C,Aquatic moss ,13.3-13.5,Age model construction,Toro et al 2013 ,23,Poz-39062,555,30,shcal20, R_Date Poz-39062,543,515,68.3,556,501,95.4,531,19,529, R_Date Poz-39062,545,515,68.3,555,504,95.4,531,16,530
Antarctica,South Shetland Islands,Livingston Island , Byers Peninsula,ByP_Limnopolar Lake,Freshwater lake,-62.6375,-61.1083,80,14C,Aquatic moss ,19.5-19.7,Age model construction,Toro et al 2013 ,23,Poz-39063,565,30,shcal20, R_Date Poz-39063,547,519,68.3,622,503,95.4,536,23,534, R_Date Poz-39063,548,520,68.3,560,503,95.4,536,20,534
Antarctica,South Shetland Islands,Livingston Island , Byers Peninsula,ByP_Limnopolar Lake,Freshwater lake,-62.6375,-61.1083,80,14C,Aquatic moss ,24-24.5,Age model construction,Toro et al 2013 ,23,Beta-299978,490,30,shcal20, R_Date Beta-299978,519,493,68.3,539,461,95.4,501,27,505, R_Date Beta-299978,519,494,68.3,538,468,95.4,503,22,506
Antarctica,South Shetland Islands,Livingston Island , Byers Peninsula,ByP_Limnopolar Lake,Freshwater lake,-62.6375,-61.1083,80,14C,Aquatic moss ,26.2-26.7,Age model construction,Toro et al 2013 ,23,Poz-39064,580,30,shcal20, R_Date Poz-39064,555,520,68.3,626,509,95.4,548,30,541, R_Date Poz-39064,554,523,68.3,626,510,95.4,546,27,541
Antarctica,South Shetland Islands,Livingston Island , Byers Peninsula,ByP_Limnopolar Lake,Freshwater lake,-62.6375,-61.1083,80,14C,Aquatic moss ,33.2-33.4,Age model construction,Toro et al 2013 ,23,Poz-39066,850,30,shcal20, R_Date Poz-39066,735,680,68.3,767,673,95.4,715,27,713, R_Date Poz-39066,735,684,68.3,767,675,95.4,716,25,715
Antarctica,South Shetland Islands,Livingston Island , Byers Peninsula,ByP_Limnopolar Lake,Freshwater lake,-62.6375,-61.1083,80,14C,Aquatic moss ,39-39.7,Age model construction,Toro et al 2013 ,23,Poz-39067,1045,35,shcal20, R_Date Poz-39067,958,816,68.3,960,800,95.4,890,51,906, R_Date Poz-39067,957,821,68.3,963,802,95.4,891,49,908
Antarctica,South Shetland Islands,Livingston Island , Byers Peninsula,ByP_Limnopolar Lake,Freshwater lake,-62.6375,-61.1083,80,14C,Aquatic moss ,48.7-49.3,Age model construction,Toro et al 2013 ,23,Poz-39068,1280,30,shcal20, R_Date Poz-39068,1259,1077,68.3,1265,1067,95.4,1154,59,1140, R_Date Poz-39068,1185,1075,68.3,1266,1069,95.4,1157,56,1149
Antarctica,South Shetland Islands,Livingston Island , Byers Peninsula,ByP_Limnopolar Lake,Freshwater lake,-62.6375,-61.1083,80,14C,Aquatic moss ,56.4-57,Age model construction,Toro et al 2013 ,23,Poz-39070,1445,30,shcal20, R_Date Poz-39070,1346,1285,68.3,1360,1273,95.4,1308,28,1306, R_Date Poz-39070,1320,1283,68.3,1355,1274,95.4,1310,23,1307
Antarctica,South Shetland Islands,Livingston Island , Byers Peninsula,ByP_Limnopolar Lake,Freshwater lake,-62.6375,-61.1083,80,14C,Aquatic moss ,56-57,Age model construction,Toro et al 2013 ,23,Beta-299979,1490,30,shcal20, R_Date Beta-299979,1354,1309,68.3,1403,1297,95.4,1338,24,1336, R_Date Beta-299979,1354,1309,68.3,1401,1298,95.4,1338,24,1336
Antarctica,South Shetland Islands,Livingston Island , Byers Peninsula,ByP_Limnopolar Lake,Freshwater lake,-62.6375,-61.1083,80,14C,Aquatic moss ,65-65.5,Age model construction,Toro et al 2013 ,23,Poz-39071,1665,35,shcal20, R_Date Poz-39071,1565,1429,68.3,1588,1415,95.4,1507,50,1512, R_Date Poz-39071,1567,1434,68.3,1590,1415,95.4,1510,49,1516
Antarctica,South Shetland Islands,Livingston Island , Byers Peninsula,ByP_Limnopolar Lake,Freshwater lake,-62.6375,-61.1083,80,14C,Aquatic moss ,75.8-76.4,Age model construction,Toro et al 2013 ,23,Poz-39072,1990,30,shcal20, R_Date Poz-39072,1985,1838,68.3,1995,1830,95.4,1904,47,1901, R_Date Poz-39072,1984,1839,68.3,1997,1830,95.4,1904,45,1901
Antarctica,South Shetland Islands,Livingston Island , Byers Peninsula,ByP_Limnopolar Lake,Freshwater lake,-62.6375,-61.1083,80,14C,Aquatic moss ,85-85.3,Age model construction,Toro et al 2013 ,23,Poz-39073,2150,35,shcal20, R_Date Poz-39073,2112,2015,68.3,2296,2001,95.4,2086,69,2075, R_Date Poz-39073,2147,2018,68.3,2300,2001,95.4,2098,68,2087
Antarctica,South Shetland Islands,Livingston Island , Byers Peninsula,ByP_Limnopolar Lake,Freshwater lake,-62.6375,-61.1083,80,14C,Aquatic moss ,94.3-94.8,Age model construction,Toro et al 2013 ,23,Poz-39074,2475,30,shcal20, R_Date Poz-39074,2684,2364,68.3,2703,2354,95.4,2516,107,2489, R_Date Poz-39074,2679,2362,68.3,2701,2354,95.4,2509,107,2479
Antarctica,South Shetland Islands,Livingston Island , Byers Peninsula,ByP_Limnopolar Lake,Freshwater lake,-62.6375,-61.1083,80,14C,Aquatic moss ,97.9-98.3,Age model construction,Toro et al 2013 ,23,Poz-39075,2915,35,shcal20, R_Date Poz-39075,3073,2936,68.3,3152,2877,95.4,3010,70,3008, R_Date Poz-39075,3065,2944,68.3,3142,2875,95.4,2999,66,2996
Antarctica,South Shetland Islands,Livingston Island , Byers Peninsula,ByP_Limnopolar Lake,Freshwater lake,-62.6375,-61.1083,80,14C,Aquatic moss ,102.3-102.5,Age model construction,Toro et al 2013 ,23,Poz-39076,2790,35,shcal20, R_Date Poz-39076,2880,2778,68.3,2949,2765,95.4,2849,52,2844, R_Date Poz-39076,2873,2783,68.3,2945,2763,95.4,2843,47,2838
Antarctica,South Shetland Islands,Livingston Island , Byers Peninsula,ByP_Limnopolar Lake,Freshwater lake,-62.6375,-61.1083,80,14C,Aquatic moss ,104.9-105.4,Age model construction,Toro et al 2013 ,23,Poz-39077,2815,35,shcal20, R_Date Poz-39077,2936,2790,68.3,2992,2771,95.4,2876,57,2875, R_Date Poz-39077,2925,2794,68.3,2962,2775,95.4,2869,52,2867
Antarctica,South Shetland Islands,Livingston Island , Byers Peninsula,ByP_Limnopolar Lake,Freshwater lake,-62.6375,-61.1083,80,14C,Aquatic moss ,100-110.5,Age model construction,Toro et al 2013 ,23,Poz-39255,3210,35,shcal20, R_Date Poz-39255,3445,3361,68.3,3455,3255,95.4,3386,48,3391, R_Date Poz-39255,3446,3361,68.3,3476,3255,95.4,3390,51,3393
Antarctica,South Shetland Islands,Livingston Island , Byers Peninsula,ByP_Limnopolar Lake,Freshwater lake,-62.6375,-61.1083,80,14C,Aquatic moss ,112.3-112.8,Age model construction,Toro et al 2013 ,23,Poz-39080,3440,35,shcal20, R_Date Poz-39080,3692,3581,68.3,3825,3494,95.4,3652,69,3646, R_Date Poz-39080,3692,3589,68.3,3824,3513,95.4,3648,60,3643
Antarctica,South Shetland Islands,Livingston Island , Byers Peninsula,ByP_Limnopolar Lake,Freshwater lake,-62.6375,-61.1083,80,14C,Aquatic moss ,122.1-122.5,Age model construction,Toro et al 2013 ,23,Poz-39081,3625,35,shcal20, R_Date Poz-39081,3968,3838,68.3,4073,3725,95.4,3894,69,3894, R_Date Poz-39081,3962,3836,68.3,4061,3724,95.4,3884,65,3885
Antarctica,South Shetland Islands,Livingston Island , Byers Peninsula,ByP_Limnopolar Lake,Freshwater lake,-62.6375,-61.1083,80,14C,Aquatic moss ,130-130.4,Age model construction,Toro et al 2013 ,23,Poz-39082,4150,35,shcal20, R_Date Poz-39082,4802,4530,68.3,4823,4450,95.4,4656,95,4645, R_Date Poz-39082,4801,4530,68.3,4821,4450,95.4,4649,95,4634
Antarctica,South Shetland Islands,Livingston Island , Byers Peninsula,ByP_Limnopolar Lake,Freshwater lake,-62.6375,-61.1083,80,14C,Aquatic moss ,140.3-140.7,Age model construction,Toro et al 2013 ,23,Poz-39083,4770,40,shcal20, R_Date Poz-39083,5576,5331,68.3,5583,5325,95.4,5462,81,5474, R_Date Poz-39083,5580,5330,68.3,5584,5324,95.4,5459,83,5469
Antarctica,South Shetland Islands,Livingston Island , Byers Peninsula,ByP_Limnopolar Lake,Freshwater lake,-62.6375,-61.1083,80,14C,Aquatic moss ,188.3-188.5,Age model construction,Toro et al 2013 ,23,Poz-39086,4670,40,shcal20, R_Date Poz-39086,5458,5310,68.3,5554,5090,95.4,5382,76,5397, R_Date Poz-39086,5453,5304,68.3,5574,5083,95.4,5376,85,5396
Antarctica,South Shetland Islands,Livingston Island , Byers Peninsula,ByP_Limnopolar Lake,Freshwater lake,-62.6375,-61.1083,80,14C,Aquatic moss ,190.7-191.2,Age model construction,Toro et al 2013 ,23,Poz-39087,4680,40,shcal20, R_Date Poz-39087,5459,5314,68.3,5567,5290,95.4,5391,68,5399, R_Date Poz-39087,5456,5310,68.3,5576,5145,95.4,5389,76,5400
Antarctica,South Shetland Islands,Livingston Island , Byers Peninsula,ByP_Limnopolar Lake,Freshwater lake,-62.6375,-61.1083,80,14C,Aquatic moss ,200.2-200.6,Age model construction,Toro et al 2013 ,23,Poz-39088,5610,40,shcal20, R_Date Poz-39088,6395,6309,68.3,6447,6287,95.4,6360,44,6357, R_Date Poz-39088,6397,6309,68.3,6436,6288,95.4,6357,40,6355
Antarctica,South Shetland Islands,Livingston Island , Byers Peninsula,ByP_Limnopolar Lake,Freshwater lake,-62.6375,-61.1083,80,14C,Aquatic moss ,205.2-205.4,Minimum age for deglaciation,Toro et al 2013 ,23,Poz-39090,6700,50,shcal20, R_Date Poz-39090,7581,7482,68.3,7617,7428,95.4,7531,51,7531, R_Date Poz-39090,7578,7490,68.3,7610,7436,95.4,7531,44,7532
Antarctica,South Shetland Islands,Livingston Island , Byers Peninsula,ByP_Midge Lake,Freshwater lake,-62.6361,-61.0875,70,14C,Freshwater moss ,11-Dec,Upper limit of cool and arid period,Björck et al 1991a ,1,Ua-1216,755,105,shcal20, R_Date Ua-1216,730,559,68.3,902,517,95.4,667,85,662, R_Date Ua-1216,731,560,68.3,902,519,95.4,668,84,663
Antarctica,South Shetland Islands,Livingston Island , Byers Peninsula,ByP_Midge Lake,Freshwater lake,-62.6361,-61.0875,70,14C,Freshwater moss ,20-21,Onset of cool and arid conditions,Björck et al 1991a ,1,Ua-1217,1340,100,shcal20, R_Date Ua-1217,1300,1079,68.3,1369,964,95.4,1191,101,1199, R_Date Ua-1217,1300,1092,68.3,1369,975,95.4,1192,100,1200
Antarctica,South Shetland Islands,Livingston Island , Byers Peninsula,ByP_Midge Lake,Freshwater lake,-62.6361,-61.0875,70,14C,Freshwater moss ,56-63,Age model construction,Björck et al 1991a ,1,Ua-1218,2635,100,shcal20, R_Date Ua-1218,2847,2494,68.3,2919,2359,95.4,2657,144,2669, R_Date Ua-1218,2841,2491,68.3,2877,2359,95.4,2651,140,2659
Antarctica,South Shetland Islands,Livingston Island , Byers Peninsula,ByP_Midge Lake,Freshwater lake,-62.6361,-61.0875,70,14C,Freshwater moss ,77,Upper limit of warm productive period,Björck et al 1991a ,1,Ua-1219,2715,100,shcal20, R_Date Ua-1219,2943,2720,68.3,3069,2470,95.4,2790,140,2801, R_Date Ua-1219,2945,2716,68.3,3062,2471,95.4,2782,140,2795
Antarctica,South Shetland Islands,Livingston Island , Byers Peninsula,ByP_Midge Lake,Freshwater lake,-62.6361,-61.0875,70,14C,Freshwater moss ,151,Minimum age for deglaciation,Björck et al 1991a ,1,Ua-1220,3735,250,shcal20, R_Date Ua-1220,4412,3719,68.3,4815,3453,95.4,4083,340,4071, R_Date Ua-1220,4410,3721,68.3,4815,3453,95.4,4079,337,4066
Antarctica,South Shetland Islands,Livingston Island , Byers Peninsula,ByP_Lake 30,Freshwater lake,-62.637,-61.0922,65,14C,Freshwater moss ,117-124,Minimum age for deglaciation,Björck et al 1996 ,3,Ua-3925,4480,60,shcal20, R_Date Ua-3925,5280,4889,68.3,5289,4873,95.4,5088,124,5083, R_Date Ua-3925,5275,4891,68.3,5288,4869,95.4,5078,124,5061
Antarctica,South Shetland Islands,Livingston Island , Byers Peninsula,ByP_Lake 22,Freshwater lake,-62.656,-61.097,50,14C,Freshwater moss ,81-86,Minimum age for deglaciation,Björck et al 1996 ,3,Lu-3464,3430,180,shcal20, R_Date Lu-3464,3875,3410,68.3,4150,3215,95.4,3671,231,3660, R_Date Lu-3464,3869,3409,68.3,4150,3210,95.4,3666,231,3657
Antarctica,South Shetland Islands,Livingston Island , Byers Peninsula,ByP_Lake Åsa_Lake 35,Freshwater lake,-62.6267,-61.1032,35,14C,Aquatic moss ,163-168,Period of increased temperature and humidity,Björck et al 1993 ,2,Lu-3089,3480,140,shcal20, R_Date Lu-3089,3880,3490,68.3,4086,3386,95.4,3720,182,3712, R_Date Lu-3089,3885,3510,68.3,4084,3383,95.4,3718,179,3711
Antarctica,South Shetland Islands,Livingston Island , Byers Peninsula,ByP_Lake Åsa,Freshwater lake,-62.6267,-61.1032,35,14C,Aquatic moss ,205-210,Minimum age for deglaciation,Björck et al 1993 ,2,Lu-3088,4600,100,shcal20, R_Date Lu-3088,5445,5047,68.3,5567,4880,95.4,5219,162,5215, R_Date Lu-3088,5445,5045,68.3,5575,4880,95.4,5213,161,5206